{
  "basic_stats": {
    "total_moves": 25788,
    "moves_per_day": 286.53333333333336,
    "long_moves": 17523,
    "short_moves": 8265
  },
  "profit_analysis": {
    "total_profit_usd": 9799440.000000002,
    "max_possible_profit_usd": 100541714.46861257,
    "profit_capture_ratio": 0.09746641035308008,
    "daily_profit_mean_usd": 107686.15384615387,
    "daily_profit_std_usd": 12003.532329113315,
    "weekly_profit_mean_usd": 699960.0000000001,
    "monthly_profit_mean_usd": 2449860.0000000005
  },
  "move_characteristics": {
    "avg_total_move": 0.0401877906268856,
    "max_total_move": 0.11806177915533712,
    "avg_drawdown": -0.005208846376825309,
    "avg_time_to_target": 67.7492401134365
  },
  "pattern_analysis": {
    "No Clear Pattern": {
      "count": 10841,
      "avg_move": 0.04021027915472341,
      "avg_time": 66.50750083815454,
      "avg_drawdown": -0.005143334285909896
    },
    "Hammer": {
      "count": 2573,
      "avg_move": 0.04053534280795698,
      "avg_time": 66.56105996784558,
      "avg_drawdown": -0.005128600121358323
    },
    "Shooting Star": {
      "count": 2571,
      "avg_move": 0.040297117639471865,
      "avg_time": 70.26525460135487,
      "avg_drawdown": -0.005429047202919888
    },
    "Bearish Engulfing": {
      "count": 3404,
      "avg_move": 0.039861670340302524,
      "avg_time": 69.43422989916765,
      "avg_drawdown": -0.005240902862326303
    },
    "Bullish Engulfing": {
      "count": 3646,
      "avg_move": 0.04042582887777523,
      "avg_time": 67.95517246105321,
      "avg_drawdown": -0.005197888906365949
    },
    "Hammer, Bullish Engulfing": {
      "count": 1375,
      "avg_move": 0.03938265682044655,
      "avg_time": 68.7190148261697,
      "avg_drawdown": -0.005265810974172558
    },
    "Shooting Star, Bearish Engulfing": {
      "count": 1378,
      "avg_move": 0.04013710509357146,
      "avg_time": 69.36769798676828,
      "avg_drawdown": -0.005356203567201487
    }
  },
  "time_analysis": {
    "hourly_distribution": {
      "0": 1080,
      "1": 1079,
      "2": 1080,
      "3": 1080,
      "4": 1080,
      "5": 1080,
      "6": 1080,
      "7": 1080,
      "8": 1080,
      "9": 1080,
      "10": 1071,
      "11": 1068,
      "12": 1068,
      "13": 1068,
      "14": 1068,
      "15": 1068,
      "16": 1068,
      "17": 1068,
      "18": 1068,
      "19": 1068,
      "20": 1068,
      "21": 1078,
      "22": 1080,
      "23": 1080
    }
  },
  "daily_profits": {
    "2025-04-02": 12920.000000000002,
    "2025-04-03": 109440.00000000001,
    "2025-04-04": 109440.00000000001,
    "2025-04-05": 109440.00000000001,
    "2025-04-06": 109440.00000000001,
    "2025-04-07": 109060.00000000001,
    "2025-04-08": 109440.00000000001,
    "2025-04-09": 109440.00000000001,
    "2025-04-10": 109440.00000000001,
    "2025-04-11": 109440.00000000001,
    "2025-04-12": 109440.00000000001,
    "2025-04-13": 109440.00000000001,
    "2025-04-14": 109440.00000000001,
    "2025-04-15": 109440.00000000001,
    "2025-04-16": 109440.00000000001,
    "2025-04-17": 109440.00000000001,
    "2025-04-18": 109440.00000000001,
    "2025-04-19": 109440.00000000001,
    "2025-04-20": 109440.00000000001,
    "2025-04-21": 109440.00000000001,
    "2025-04-22": 109440.00000000001,
    "2025-04-23": 109440.00000000001,
    "2025-04-24": 109440.00000000001,
    "2025-04-25": 109440.00000000001,
    "2025-04-26": 109440.00000000001,
    "2025-04-27": 109440.00000000001,
    "2025-04-28": 109440.00000000001,
    "2025-04-29": 109440.00000000001,
    "2025-04-30": 109440.00000000001,
    "2025-05-01": 109440.00000000001,
    "2025-05-02": 109440.00000000001,
    "2025-05-03": 109440.00000000001,
    "2025-05-04": 109440.00000000001,
    "2025-05-05": 109440.00000000001,
    "2025-05-06": 109440.00000000001,
    "2025-05-07": 109440.00000000001,
    "2025-05-08": 109440.00000000001,
    "2025-05-09": 109440.00000000001,
    "2025-05-10": 109440.00000000001,
    "2025-05-11": 109440.00000000001,
    "2025-05-12": 109440.00000000001,
    "2025-05-13": 109440.00000000001,
    "2025-05-14": 109440.00000000001,
    "2025-05-15": 109440.00000000001,
    "2025-05-16": 109440.00000000001,
    "2025-05-17": 109440.00000000001,
    "2025-05-18": 109440.00000000001,
    "2025-05-19": 109440.00000000001,
    "2025-05-20": 109440.00000000001,
    "2025-05-21": 109440.00000000001,
    "2025-05-22": 109440.00000000001,
    "2025-05-23": 109440.00000000001,
    "2025-05-24": 109440.00000000001,
    "2025-05-25": 109440.00000000001,
    "2025-05-26": 109440.00000000001,
    "2025-05-27": 109440.00000000001,
    "2025-05-28": 109440.00000000001,
    "2025-05-29": 109440.00000000001,
    "2025-05-30": 109440.00000000001,
    "2025-05-31": 109440.00000000001,
    "2025-06-01": 109440.00000000001,
    "2025-06-02": 109440.00000000001,
    "2025-06-03": 109440.00000000001,
    "2025-06-04": 109440.00000000001,
    "2025-06-05": 109440.00000000001,
    "2025-06-06": 109440.00000000001,
    "2025-06-07": 109440.00000000001,
    "2025-06-08": 109440.00000000001,
    "2025-06-09": 109440.00000000001,
    "2025-06-10": 109440.00000000001,
    "2025-06-11": 109440.00000000001,
    "2025-06-12": 109440.00000000001,
    "2025-06-13": 109440.00000000001,
    "2025-06-14": 109440.00000000001,
    "2025-06-15": 109440.00000000001,
    "2025-06-16": 109440.00000000001,
    "2025-06-17": 109440.00000000001,
    "2025-06-18": 109440.00000000001,
    "2025-06-19": 109440.00000000001,
    "2025-06-20": 109440.00000000001,
    "2025-06-21": 109440.00000000001,
    "2025-06-22": 109440.00000000001,
    "2025-06-23": 109440.00000000001,
    "2025-06-24": 109440.00000000001,
    "2025-06-25": 109440.00000000001,
    "2025-06-26": 109440.00000000001,
    "2025-06-27": 109440.00000000001,
    "2025-06-28": 109440.00000000001,
    "2025-06-29": 109440.00000000001,
    "2025-06-30": 109440.00000000001,
    "2025-07-01": 46740.00000000001
  },
  "weekly_profits": {
    "2025-04-06 00:00:00": 450680.00000000006,
    "2025-04-13 00:00:00": 765700.0000000001,
    "2025-04-20 00:00:00": 766080.0000000001,
    "2025-04-27 00:00:00": 766080.0000000001,
    "2025-05-04 00:00:00": 766080.0000000001,
    "2025-05-11 00:00:00": 766080.0000000001,
    "2025-05-18 00:00:00": 766080.0000000001,
    "2025-05-25 00:00:00": 766080.0000000001,
    "2025-06-01 00:00:00": 766080.0000000001,
    "2025-06-08 00:00:00": 766080.0000000001,
    "2025-06-15 00:00:00": 766080.0000000001,
    "2025-06-22 00:00:00": 766080.0000000001,
    "2025-06-29 00:00:00": 766080.0000000001,
    "2025-07-06 00:00:00": 156180.00000000003
  },
  "monthly_profits": {
    "2025-04-30 00:00:00": 3076860.0000000005,
    "2025-05-31 00:00:00": 3392640.0000000005,
    "2025-06-30 00:00:00": 3283200.0000000005,
    "2025-07-31 00:00:00": 46740.00000000001
  }
}